radius_meters,radius_in_Schwarzschild_radii,earth_years_per_1s_near_blackhole
29836.67820605959,1.01,10.049875621120886
30230.89108079775,1.0233444816053512,6.620927141855973
30625.103955535917,1.0366889632107024,5.315651714036641
31019.316830274078,1.0500334448160535,4.58111678699013
31413.529705012243,1.0633779264214047,4.096140148492842
31807.742579750404,1.076722408026756,3.7461983054396835
32201.95545448857,1.090066889632107,3.478916392321102
32596.16832922673,1.1034113712374582,3.266514415932596
32990.38120396489,1.1167558528428094,3.0927142000009358
33384.594078703056,1.1301003344481606,2.947265736464352
33778.80695344122,1.1434448160535118,2.823352968808014
34173.01982817938,1.1567892976588627,2.7162448984071506
34567.23270291754,1.1701337792642141,2.6225421904690593
34961.44557765571,1.1834782608695653,2.5397316722096144
35355.658452393865,1.1968227424749163,2.4659103144365413
35749.87132713203,1.2101672240802674,2.399607436598164
36144.084201870195,1.2235117056856188,2.3396663448912385
36538.29707660836,1.23685618729097,2.2851632752557967
36932.50995134652,1.250200668896321,2.2353505033314764
37326.72282608468,1.2635451505016722,2.1896155469978793
37720.93570082285,1.2768896321070236,2.1474513471368435
38115.148575561005,1.2902341137123745,2.108434099880213
38509.36145029917,1.3035785953177257,2.072206524702101
38903.574325037334,1.3169230769230769,2.0384650612225963
39297.7871997755,1.3302675585284283,2.0069499498656715
39692.00007451366,1.3436120401337792,1.9774374594348747
40086.21294925182,1.3569565217391304,1.9497337336559337
40480.42582398999,1.3703010033444818,1.923669873015331
40874.638698728144,1.3836454849498327,1.8990979693991543
41268.85157346631,1.396989966555184,1.8758878830092416
41663.06444820447,1.410334448160535,1.8539246029132757
42057.27732294264,1.4236789297658865,1.8331060704410542
42451.490197680796,1.4370234113712375,1.813341372576216
42845.70307241896,1.4503678929765886,1.7945492333282893
43239.915947157126,1.4637123745819398,1.7766567467625267
43634.12882189528,1.4770568561872908,1.7595983072930605
44028.34169663345,1.4904013377926422,1.7433147019898352
44422.55457137161,1.5037458193979933,1.7277523367177352
44816.76744610978,1.5170903010033445,1.7128625734306717
45210.980320847935,1.5304347826086957,1.6986011602608024
45605.1931955861,1.5437792642140469,1.684927739452447
45999.406070324265,1.557123745819398,1.6718054208998072
46393.61894506242,1.570468227424749,1.6592004112140593
46787.83181980059,1.5838127090301004,1.6470816899875396
47182.04469453875,1.5971571906354516,1.6354207263313785
47576.25756927692,1.6105016722408028,1.6241912299077659
47970.470444015074,1.6238461538461537,1.613368931613117
48364.68331875324,1.6371906354515051,1.6029313898357223
48758.8961934914,1.650535117056856,1.592857818843976
49153.10906822956,1.6638795986622072,1.5831289363848868
49547.32194296773,1.6772240802675584,1.5737268280078234
49941.53481770589,1.6905685618729098,1.5646348259916523
50335.747692444056,1.703913043478261,1.5558374010576927
50729.960567182214,1.717257525083612,1.5473200653066599
51124.17344192038,1.7306020066889631,1.5390692850335455
51518.386316658536,1.7439464882943143,1.531072402257015
51912.5991913967,1.7572909698996655,1.5233175639549437
52306.812066134866,1.7706354515050167,1.5157936581298128
52701.02494087303,1.7839799331103678,1.5084902559404865
53095.237815611195,1.7973244147157192,1.5013975592335573
53489.45069034935,1.8106688963210702,1.4945063528904736
53883.66356508752,1.8240133779264214,1.4878079614781754
54277.876439825675,1.8373578595317723,1.481294209752724
54672.08931456384,1.8507023411371237,1.474957386618869
55066.302189302005,1.864046822742475,1.4687902121948935
55460.51506404017,1.877391304347826,1.4627858076724185
55854.727938778335,1.8907357859531775,1.4569376676960253
56248.94081351649,1.9040802675585284,1.4512396350182841
56643.15368825466,1.9174247491638796,1.4456858772126686
57037.366562992815,1.9307692307692306,1.440270865250442
57431.57943773098,1.944113712374582,1.4349893537683338
57825.792312469144,1.9574581939799331,1.4298363628720978
58220.00518720731,1.9708026755852843,1.4248071613371485
58614.218061945474,1.9841471571906355,1.4198972510817263
59008.43093668363,1.9974916387959867,1.4151023528006477
59402.643811421796,2.0108361204013376,1.410418392658877
59796.856686159954,2.024180602006689,1.405841489954113
60191.06956089812,2.03752508361204,1.4013679456663959
60585.28243563628,2.050869565217391,1.396994231820652
60979.49531037445,2.0642140468227423,1.3927169815951055
61373.70818511261,2.077558528428094,1.3885329801147848
61767.92105985077,2.0909030100334447,1.3844391558749787
62162.133934588936,2.104247491638796,1.3804325727445421
62556.34680932709,2.117591973244147,1.3765104225034819
62950.55968406526,2.1309364548494982,1.372670017873326
63344.77255880342,2.1442809364548494,1.3689087860024467
63738.98543354159,2.1576254180602006,1.3652242623718016
64133.19830827975,2.1709698996655518,1.3616140850895564
64527.41118301792,2.1843143812709034,1.3580759895457206
64921.62405775607,2.197658862876254,1.3546078034003906
65315.83693249423,2.2110033444816053,1.3512074418813749
65710.0498072324,2.2243478260869565,1.347872903368995
66104.26268197056,2.2376923076923076,1.3446022652476592
66498.47555670873,2.251036789297659,1.3413936800054616
66892.68843144689,2.26438127090301,1.3382453715645546
67286.90130618506,2.2777257525083616,1.3351556318264102
67681.1141809232,2.2910702341137124,1.3321228174173296
68075.32705566137,2.3044147157190635,1.3291453466207015
68469.53993039954,2.3177591973244147,1.3262216964835285
68863.7528051377,2.331103678929766,1.32335040008572
69257.96567987587,2.344448160535117,1.320530043961477
69652.17855461403,2.3577926421404682,1.31775926566293
70046.3914293522,2.3711371237458194,1.3150367514568821
70440.60430409035,2.38448160535117,1.312361234146204
70834.81717882851,2.3978260869565218,1.3097314910080242
71229.03005356668,2.411170568561873,1.3071463418414289
71623.24292830484,2.424515050167224,1.3046046471178996
72017.455803043,2.4378595317725753,1.302105306228198
72411.66867778117,2.4512040133779265,1.2996472558198424
72805.88155251932,2.464548494983277,1.2972294682197245
73200.09442725749,2.4778929765886284,1.2948509499367946
73594.30730199565,2.49123745819398,1.2925107402400786
73988.52017673381,2.504581939799331,1.2902079098076222
74382.73305147198,2.5179264214046824,1.2879415594422334
74776.94592621014,2.5312709030100335,1.2857108188501876
75171.15880094831,2.5446153846153847,1.2835148454792944
75565.37167568646,2.5579598662207355,1.2813528234129716
75959.58455042462,2.5713043478260866,1.2792239623171793
76353.79742516279,2.584648829431438,1.2771274964372736
76748.01029990095,2.5979933110367894,1.2750626836420271
77142.22317463912,2.6113377926421406,1.2730288045122276
77536.43604937728,2.624682274247492,1.2710251614714396
77930.64892411545,2.638026755852843,1.2690510779566566
78324.8617988536,2.6513712374581937,1.2671058976267093
78719.07467359176,2.664715719063545,1.2651889836064318
79113.28754832993,2.678060200668896,1.2632997177647007
79507.5004230681,2.6914046822742472,1.2614375000245845
79901.71329780626,2.704749163879599,1.2596017477039332
80295.92617254442,2.71809364548495,1.25779189488485
80690.13904728259,2.731438127090301,1.2560073918105694
81084.35192202074,2.744782608695652,1.254247704308352
81478.5647967589,2.758127090301003,1.2525123132370921
81872.77767149707,2.7714715719063543,1.2508007139584043
82266.99054623523,2.7848160535117055,1.2491124158300282
82661.2034209734,2.798160535117057,1.2474469417204486
83055.41629571156,2.8115050167224083,1.2458038275437053
83449.62917044973,2.8248494983277594,1.2441826218134073
83843.84204518788,2.83819397993311,1.2425828852150296
84238.05491992604,2.8515384615384614,1.241004190195622
84632.2677946642,2.8648829431438125,1.2394461205700995
85026.48066940237,2.8782274247491637,1.2379082711433411
85420.69354414054,2.891571906354515,1.2363902473473471
85814.9064188787,2.9049163879598665,1.234891664892767
86209.11929361687,2.9182608695652177,1.233412149434127
86603.33216835502,2.9316053511705684,1.231951336248133
86997.54504309318,2.9449498327759196,1.230508869924453
87391.75791783135,2.9582943143812708,1.2290844040684183
87785.97079256951,2.971638795986622,1.2276776010151025
88180.18366730768,2.984983277591973,1.2262881315542749
88574.39654204584,2.9983277591973243,1.2249156746657464
88968.609416784,3.011672240802676,1.2235599172646499
89362.82229152216,3.0250167224080267,1.2222205539562192
89757.03516626032,3.038361204013378,1.2208972867996561
90151.24804099849,3.051705685618729,1.219589825080693
90545.46091573665,3.06505016722408,1.2182978850924742
90939.67379047482,3.0783946488294314,1.2170211899244097
91333.88666521298,3.0917391304347825,1.2157594692586526
91728.09953995114,3.105083612040134,1.2145124591738894
92122.3124146893,3.118428093645485,1.2132799019561304
92516.52528942746,3.131772575250836,1.2120615459162123
92910.73816416562,3.1451170568561873,1.2108571452137349
93304.95103890379,3.1584615384615384,1.2096664596871687
93699.16391364195,3.1718060200668896,1.2084892546898771
94093.37678838012,3.185150501672241,1.2073253009318206
94487.58966311828,3.198494983277592,1.2061743743267066
94881.80253785643,3.2118394648829427,1.2050362558443692
95276.0154125946,3.2251839464882943,1.2039107313681743
95670.22828733276,3.2385284280936455,1.2027975915572418
96064.44116207093,3.2518729096989967,1.2016966317133049
96458.6540368091,3.265217391304348,1.2006076516520183
96852.86691154724,3.2785618729096986,1.1995304555785444
97247.07978628541,3.2919063545150498,1.198464851967252
97641.29266102357,3.305250836120401,1.1974106534453675
98035.50553576174,3.318595317725752,1.1963676766804299
98429.7184104999,3.3319397993311037,1.1953357422714022
98823.93128523807,3.345284280936455,1.194314674643302
99218.14415997623,3.358628762541806,1.1933043019452185
99612.35703471438,3.371973244147157,1.19230445595159
100006.56990945255,3.385317725752508,1.1913149719666174
100400.78278419071,3.398662207357859,1.1903356887317027
100794.99565892888,3.4120066889632104,1.189366448335796
101189.20853366704,3.425351170568562,1.188407096128547
101583.42140840521,3.438695652173913,1.1874574806361589
101977.63428314337,3.4520401337792643,1.1865174534798457
102371.84715788152,3.465384615384615,1.1855868692967992
102766.06003261969,3.4787290969899662,1.184665585663578
103160.27290735785,3.4920735785953174,1.1837534630218252
103554.48578209602,3.5054180602006686,1.1828503646062438
103948.69865683418,3.5187625418060198,1.1819561563747383
104342.91153157235,3.5321070234113714,1.1810707069406514
104737.12440631051,3.5454515050167226,1.1801938875070268
105131.33728104866,3.5587959866220733,1.179325571802819
105525.55015578683,3.5721404682274245,1.1784656360209889
105919.76303052499,3.5854849498327757,1.1776139587584191
106313.97590526316,3.598829431438127,1.1767704209575853
106708.18878000132,3.612173913043478,1.1759349058499249
107102.40165473949,3.625518394648829,1.1751072989008455
107496.61452947765,3.638862876254181,1.1742874877563168
107890.8274042158,3.6522073578595315,1.1734753621909944
108285.04027895397,3.6655518394648827,1.1726708140578226
108679.25315369213,3.678896321070234,1.1718737372390686
109073.4660284303,3.692240802675585,1.1710840275987402
109467.67890316846,3.7055852842809363,1.1703015829363392
109861.89177790663,3.7189297658862874,1.1695263029419123
110256.10465264479,3.732274247491639,1.168758089152351
110650.31752738294,3.74561872909699,1.1679968449089038
111044.5304021211,3.758963210702341,1.1672424753158592
111438.74327685927,3.772307692307692,1.1664948872003662
111832.95615159743,3.7856521739130433,1.1657539890733484
112227.1690263356,3.7989966555183945,1.1650196910914852
112621.38190107376,3.8123411371237457,1.1642919050202198
113015.59477581193,3.825685618729097,1.163570544197766
113409.80765055008,3.8390301003344476,1.162855523500078
113804.02052528824,3.852374581939799,1.1621467593067591
114198.23340002641,3.8657190635451504,1.161444169467874
114592.44627476457,3.8790635451505016,1.1607476732716415
114986.65914950274,3.8924080267558527,1.1600571914129745
115380.8720242409,3.905752508361204,1.1593726459628506
115775.08489897905,3.9190969899665546,1.1586939603384778
116169.29777371722,3.932441471571906,1.1580210592742377
116563.51064845538,3.9457859531772574,1.1573538687933818
116957.72352319355,3.9591304347826086,1.1566923161804534
117351.93639793171,3.97247491638796,1.1560363299544216
117746.14927266988,3.985819397993311,1.1553858398424974
118140.36214740804,3.999163879598662,1.154740776754619
118534.5750221462,4.012508361204013,1.1541010727585799
118928.78789688436,4.025852842809364,1.153466661055788
119323.00077162252,4.039197324414715,1.152837475957629
119717.21364636069,4.052541806020066,1.1522134528624242
120111.42652109885,4.065886287625418,1.1515945282329594
120505.63939583702,4.079230769230769,1.1509806395745732
120899.85227057518,4.09257525083612,1.1503717254137826
121294.06514531333,4.105919732441471,1.1497677252774385
121688.2780200515,4.119264214046822,1.149168579672387
122082.49089478966,4.1326086956521735,1.1485742300656294
122476.70376952783,4.145953177257525,1.1479846188649636
122870.91664426599,4.159297658862876,1.147399689400091
123265.12951900416,4.172642140468227,1.1468193859041818
123659.34239374232,4.185986622073578,1.1462436534958789
124053.55526848047,4.199331103678929,1.145672438161735
124447.76814321864,4.2126755852842805,1.1451056867390637
124841.9810179568,4.226020066889632,1.1445433468992006
125236.19389269497,4.239364548494983,1.1439853671311564
125630.40676743313,4.252709030100334,1.143431696725655
126024.6196421713,4.266053511705685,1.142882285759546
126418.83251690946,4.279397993311036,1.1423370850805794
126813.04539164761,4.292742474916388,1.1417960462925345
127207.25826638578,4.306086956521739,1.1412591217406933
127601.47114112394,4.31943143812709,1.1407262644976468
127995.6840158621,4.332775919732441,1.140197428349429
128389.89689060027,4.346120401337792,1.1396725677819661
128784.10976533843,4.3594648829431435,1.1391516379678361
129178.3226400766,4.372809364548495,1.1386345947533274
129572.53551481475,4.386153846153846,1.1381213946457895
129966.74838955291,4.399498327759197,1.1376119948012706
130360.96126429108,4.412842809364548,1.1371063530124297
130755.17413902924,4.426187290969899,1.1366044276967204
131149.3870137674,4.439531772575251,1.1361061778848374
131543.5998885056,4.452876254180603,1.1356115632094184
131937.81276324374,4.466220735785953,1.1351205438939975
132332.0256379819,4.479565217391304,1.1346330807421983
132726.23851272007,4.492909698996655,1.1341491351271682
133120.45138745822,4.506254180602006,1.133668668981239
133514.6642621964,4.5195986622073585,1.1331916447858164
133908.87713693455,4.532943143812709,1.1327180255614862
134303.09001167273,4.546287625418061,1.1322477748583357
134697.30288641088,4.559632107023411,1.1317808567464818
135091.51576114903,4.572976588628762,1.1313172358068042
135485.7286358872,4.5863210702341135,1.1308568771218743
135879.94151062536,4.599665551839465,1.1303997462670807
136274.15438536354,4.613010033444817,1.1299458093019377
136668.3672601017,4.626354515050167,1.1294950327615836
137062.58013483987,4.639698996655519,1.1290473836484534
137456.79300957802,4.653043478260869,1.1286028294241277
137851.00588431617,4.666387959866221,1.128161338001353
138245.21875905435,4.679732441471572,1.127722877736228
138639.4316337925,4.693076923076923,1.1272874174205498
139033.64450853068,4.706421404682274,1.1268549262743222
139427.85738326883,4.719765886287625,1.1264253739384165
139822.070258007,4.733110367892977,1.1259987304673817
140216.28313274516,4.746454849498328,1.1255749663224053
140610.4960074833,4.759799331103679,1.125154052364415
141004.7088822215,4.77314381270903,1.1247359598473217
141398.92175695964,4.786488294314381,1.1243206604113993
141793.13463169782,4.799832775919732,1.1239081260767991
142187.34750643597,4.8131772575250835,1.1234983292371918
142581.56038117415,4.826521739130436,1.1230912426535418
142975.7732559123,4.839866220735786,1.1226868394480012
143369.98613065045,4.853210702341137,1.1222850930979282
143764.19900538863,4.866555183946488,1.1218859774300247
144158.41188012678,4.879899665551839,1.1214894666145865
144552.62475486496,4.893244147157191,1.1210955351598713
144946.8376296031,4.906588628762542,1.120704157906575
145341.05050434128,4.919933110367894,1.1203153100224155
145735.26337907944,4.933277591973244,1.1199289669968246
146129.4762538176,4.946622073578595,1.1195451046357416
146523.68912855576,4.9599665551839465,1.119163699056508
146917.90200329392,4.973311036789298,1.1187847266828612
147312.1148780321,4.986655518394649,1.1184081642400252
147706.32775277024,5.0,1.118033988749895
